<?xml version="1.0" encoding="UTF-8" standalone="no"?>
<assembly xmlns="http://maven.apache.org/plugins/maven-assembly-plugin/assembly/1.1.2" xmlns:xsi="http://www.w3.org/2001/XMLSchema-instance" xsi:schemaLocation="http://maven.apache.org/plugins/maven-assembly-plugin/assembly/1.1.2           http://maven.apache.org/xsd/assembly-1.1.2.xsd">
    
    <id>component</id>
    <formats>
        <format>dir</format>
        <format>zip</format>
    </formats>
    <includeBaseDirectory>true</includeBaseDirectory>
    <fileSets>
        <fileSet>
            <directory>C:\eclipsework\kafka-connect-http-master.zip_expanded\kafka-connect-http-master</directory>
            <outputDirectory>doc/</outputDirectory>
            <includes>
                <include>version.txt*</include>
                <include>README*</include>
                <include>LICENSE*</include>
                <include>NOTICE*</include>
            </includes>
        </fileSet>
        <fileSet>
            <directory>C:\eclipsework\kafka-connect-http-master.zip_expanded\kafka-connect-http-master</directory>
            <outputDirectory>doc/</outputDirectory>
            <includes>
                <include>licenses.html*</include>
                <include>licenses/</include>
                <include>notices/</include>
            </includes>
        </fileSet>
        <fileSet>
            <directory>C:\eclipsework\kafka-connect-http-master.zip_expanded\kafka-connect-http-master/config</directory>
            <outputDirectory>etc/</outputDirectory>
            <includes>
                <include>*</include>
            </includes>
        </fileSet>
        <fileSet>
            <directory>C:\eclipsework\kafka-connect-http-master.zip_expanded\kafka-connect-http-master\target</directory>
            <outputDirectory>/</outputDirectory>
            <includes>
                <include>manifest.json</include>
            </includes>
        </fileSet>
        <fileSet>
            <directory>C:\eclipsework\kafka-connect-http-master.zip_expanded\kafka-connect-http-master\target/components/assets/</directory>
            <outputDirectory>assets/</outputDirectory>
            <includes>
                <include>*</include>
            </includes>
        </fileSet>
    </fileSets>
    <dependencySets>
        <dependencySet>
            <outputDirectory>lib/</outputDirectory>
            <useProjectArtifact>true</useProjectArtifact>
            <useTransitiveFiltering>true</useTransitiveFiltering>
            <excludes>
                <exclude>io.confluent:kafka-connect-maven-plugin</exclude>
                <exclude>org.apache.kafka:connect-api</exclude>
                <exclude>org.apache.kafka:connect-file</exclude>
                <exclude>org.apache.kafka:connect-json</exclude>
                <exclude>org.apache.kafka:connect-runtime</exclude>
                <exclude>org.apache.kafka:connect-transform</exclude>
                <exclude>org.apache.kafka:kafka-clients</exclude>
            </excludes>
        </dependencySet>
    </dependencySets>
</assembly>
